Distance,ServingStation,ApplicationType,Mobility,PathLoss,SNR,Layer,TrustRank
112,1,3,5,93.87654068010545,21.426034507946106,1,3
445,2,1,6,111.85080032942795,17.313755518714117,1,2
358,3,3,2,109.01649079931624,18.829516743273203,1,2
280,4,3,6,105.81474094026657,18.978661618357926,1,1
116,4,1,6,94.33373967680755,21.209979963373314,3,2
81,1,1,1,89.65455056635949,22.59924952829758,3,3
198,1,2,6,101.29995570784592,21.074975076516154,4,2
30,1,2,0,76.71363764158987,23.001061254736108,1,3
112,3,2,4,93.87654068010545,19.982474286368674,2,2
131,2,3,8,95.91813886967293,20.224716959436243,1,2
476,3,1,6,112.72820858161478,18.397905434782704,3,2
224,4,3,6,102.90744055002489,19.238974498268067,1,1
340,1,1,1,108.34436751126765,18.763112140246395,3,3
468,2,3,7,112.50737559222372,18.320124405710036,4,1
97,4,2,2,92.00315202798734,20.32625860450077,4,3
382,4,2,7,109.86190088735125,19.96569292929343,4,1
109,4,2,2,93.52279493821871,19.593083617312036,3,2
369,3,3,9,109.41079098477181,18.32944679921899,1,1
161,1,1,6,98.60477628095549,18.55611565086494,1,3
140,4,1,1,96.78384107034714,21.737098695476135,2,3
159,1,2,3,98.44191372961353,19.359305668381058,3,2
318,3,2,5,107.47281359953297,19.913493871768843,2,2
267,4,2,8,105.19533784093727,19.95578507611858,4,1
353,3,2,4,108.83324116163467,20.4355145049273,1,2
423,3,1,8,111.19021102125126,18.670962199499783,3,2
303,1,3,4,106.84327885506914,18.368132327207174,2,2
395,4,3,9,110.29791286879382,17.414458737248992,2,1
201,3,3,7,101.49588172261468,17.065776182956434,2,1
453,4,3,0,112.08294606038496,18.953058619840405,1,2
286,1,2,6,106.09098099387128,20.166374473101786,1,2
170,3,2,3,99.31346764134821,20.54034134106302,1,3
469,1,2,4,112.5351852814525,17.216717168681942,3,2
323,4,3,5,107.67607566993308,20.27121857811862,1,2
31,4,2,4,77.14085081502819,21.587698890181827,3,2
262,1,2,0,104.94903873959237,18.598192631899007,2,2
245,2,1,8,104.07498253093598,18.871869511603215,2,2
354,3,1,1,108.87009786077363,19.191399136428714,4,2
58,4,2,8,85.30283980688812,19.985014447794118,1,2
484,4,1,9,112.94536084933236,18.668428001347646,2,2
68,3,1,1,87.37526738118709,21.691921507264958,1,3
179,1,2,8,99.9855909293968,21.108764803303934,3,2
485,1,2,5,112.9722521580679,18.878731441414455,2,2
197,1,2,8,101.23398678484779,18.536972823321427,1,2
473,2,2,5,112.64583422213434,18.88430680543879,2,2
280,2,3,5,105.81474094026657,18.358267632027225,2,2
199,4,3,1,101.36559229229121,18.74549561440393,1,2
455,1,2,7,112.14034189971338,17.423262206488683,2,2
184,3,1,2,100.34453469028608,18.054292851077367,2,3
455,4,2,6,112.14034189971338,18.21880264209327,2,1
60,3,2,4,85.74453751150931,22.554434991895977,2,2
373,4,1,2,109.55126495426063,21.301357520001478,3,3
64,2,3,0,86.5853992195166,20.767874919708245,2,3
253,4,2,7,104.49361563527455,20.636743963242203,4,2
329,2,2,2,107.91587693849922,18.813829987913483,2,2
140,4,3,1,96.78384107034714,18.670880173516725,1,2
494,1,3,0,113.2118084677094,19.379761414675137,4,2
316,3,1,3,107.39061247855213,19.495752838940355,3,2
144,1,3,7,97.15087476285748,22.102932131675367,4,2
30,4,3,2,76.71363764158987,20.79395775385826,4,2
338,4,3,0,108.26750100832965,21.969282607502315,4,2
176,4,1,3,99.76538003442451,21.615179319745707,1,3
283,2,3,8,105.95359306572871,19.386717119865274,1,2
397,3,3,0,110.36371520289345,18.664990687912137,1,2
98,3,1,1,92.13678227077484,20.070511904053898,3,3
325,4,3,8,107.75650082936625,19.33408255625117,1,1
23,4,3,1,73.25183508052778,22.490880336538243,1,3
251,2,1,2,104.39021164443113,20.074774249137498,4,3
274,1,2,6,105.53251688461162,19.15238165052053,1,2
355,1,1,2,108.90685059165281,20.52427863233138,2,3
62,3,3,8,86.17175068494763,21.507870962671685,1,2
395,2,3,5,110.29791286879382,18.71339168519489,3,2
349,4,3,2,108.68476280877539,20.15581030090185,3,2
101,3,1,8,92.52964121347928,19.12451224845432,2,2
376,2,3,0,109.65563534782981,19.375424817494153,3,2
453,1,3,9,112.08294606038496,18.81727673037094,3,1
464,2,1,2,112.39553941664641,17.349595527929576,4,3
437,1,2,0,111.61444310911267,17.130052409520225,2,2
273,2,2,1,105.48487941122269,20.46185706181931,4,3
440,3,3,7,111.70358029458563,19.792432660892132,4,1
44,1,1,6,81.70358029458562,22.0022004001758,1,3
215,3,3,1,102.37315379746815,21.47934239670791,2,2
90,3,1,1,91.02727528317975,21.338240653543295,1,3
429,1,1,8,111.37371876554172,20.112433442857043,1,3
59,1,2,5,85.52556034926432,21.867768552258088,4,3
369,4,2,4,109.41079098477181,18.783111335920825,3,2
397,4,1,9,110.36371520289345,17.906097228277314,2,2
11,4,3,5,63.64178055474675,23.03238568962256,3,2
399,3,2,8,110.42918687060245,18.699959041692537,4,1
63,3,3,6,86.38021648360746,22.72513145374596,4,2
115,4,2,9,94.22093521060836,21.347826037468828,4,2
269,3,2,9,105.29256840007224,19.80106222823539,4,1
319,3,3,8,107.51372049171542,20.118637858392532,4,1
486,1,2,3,112.9990880778688,19.227474907905602,4,2
200,1,2,1,101.43089986991944,20.11884762411488,3,3
411,3,3,7,110.81525465628206,17.419815132864837,1,1
227,4,2,3,103.08077571579366,20.83108000128231,3,2
53,2,2,8,84.12827608802367,21.128660543671156,2,2
171,4,2,3,99.3898833117646,21.149551946446085,3,2
211,2,3,7,102.12847365893077,20.972362925617812,4,2
455,4,1,8,112.14034189971338,18.115926616473317,3,2
493,1,3,8,113.1854075783169,19.631175322764246,1,2
279,3,1,9,105.76812609820792,19.06219991092331,2,2
360,3,2,3,109.08907502301861,18.736060170051413,3,2
313,1,1,0,107.26633012639346,19.53084022194331,1,3
280,2,3,2,105.81474094026657,19.702998495142882,3,2
465,2,3,8,112.42358858669863,18.79619265668103,2,1
471,2,2,3,112.5906272138669,17.406649263057353,3,2
224,1,1,4,102.90744055002489,19.587809305513172,4,2
261,2,2,6,104.89921522014842,21.788557206173564,3,2
199,1,2,4,101.36559229229121,17.079436541968857,1,3
305,4,3,3,106.92899518040358,20.176840922188056,3,2
222,4,1,1,102.79058923351917,20.77806601000439,1,3
217,1,1,1,102.49379201545588,18.392273079168262,2,3
246,3,1,3,104.12805321310137,19.117755765280315,3,2
347,4,1,9,108.60988424372621,18.138294417684033,2,2
376,2,2,9,109.65563534782981,20.8884018425289,2,2
62,1,2,8,86.17175068494763,22.485850198283018,3,2
289,2,3,7,106.22693528269645,20.52873184619509,1,2
419,2,2,2,111.06642068898884,19.01400515709591,2,2
226,3,2,8,103.02325317442202,21.00976663230744,2,2
261,2,3,4,104.89921522014842,19.50184191092308,3,2
197,3,3,2,101.23398678484779,21.235758948725778,3,2
389,4,3,4,110.09848803977124,18.841454771910655,3,1
50,1,2,9,83.36910013008057,20.9838480702785,3,2
166,2,2,3,99.00324264120164,21.910626002211778,3,3
24,1,3,7,73.80633725134817,22.598517514200047,4,2
310,2,3,4,107.14085081502819,18.387115010254718,3,2
74,1,3,9,88.47695159192929,20.242670943317098,1,2
354,2,2,7,108.87009786077363,18.206411540903595,2,2
336,2,2,8,108.19017832169533,20.025424518859836,1,2
18,2,1,3,70.05817515309917,22.895319607644865,1,3
353,2,2,6,108.83324116163467,21.414634859833615,4,2
138,2,2,1,96.59637259203708,21.52654092312041,3,3
145,2,2,5,97.24104006704925,20.533034123389044,2,3
481,2,3,7,112.86435229121497,20.117462312076785,1,2
72,2,2,6,88.11997489293805,20.69249517423671,3,2
148,2,3,6,97.50785146184873,18.39442904965582,3,2
90,1,1,7,91.02727528317975,19.907689414107285,4,2
401,3,1,6,110.49433117860548,19.097774711509054,4,2
172,2,3,4,99.46585340722646,19.830873187106214,4,2
428,3,3,6,111.34331307039517,19.690084081217943,2,1
298,2,3,9,106.62648792228765,19.212737426427765,1,2
388,2,2,2,110.06495176782622,19.7415395491791,4,2
270,1,1,4,105.34091292476961,20.96688033808733,4,3
499,4,3,6,113.34301636870168,18.53800251251906,4,1
240,4,2,8,103.80633725134817,20.174511563576303,1,2
50,1,1,1,83.36910013008057,19.908303146416706,1,3
37,3,2,3,79.44605172200986,21.931500849058455,4,2
144,4,1,6,97.15087476285748,19.05295439796823,4,2
210,1,2,0,102.06657884201758,19.93856889292759,3,2
337,1,1,1,108.22889702614015,19.413110054063317,4,3
277,4,1,8,105.67439307193345,19.66523705072045,2,2
427,3,2,9,111.31283625075073,18.38859378512863,2,1
42,1,3,6,81.09747871193701,24.188720990541132,4,2
57,2,1,9,85.07624567017474,20.22435392133946,1,3
416,3,3,6,110.97279991880228,17.573574180958257,3,1
71,3,2,5,87.93775046157225,22.86120332957936,1,3
225,4,3,2,102.96547554334089,18.999173315076018,4,2
302,4,3,9,106.80020828871451,18.37528848359212,2,1
108,2,3,2,93.40271266460849,22.962640631262264,3,3
181,1,3,1,100.13035724607553,20.97268699221601,1,3
369,4,3,5,109.41079098477181,18.464456353384595,1,2
223,4,1,3,102.8491458914448,19.93259331654908,4,2
484,3,1,4,112.94536084933236,20.65133519989445,3,2
44,4,1,2,81.70358029458562,22.521262651492304,2,3
458,4,2,5,112.22596434011606,20.063552021094836,4,2
236,4,3,2,103.58736008910321,20.446067169823486,3,2
110,4,1,7,93.64178055474675,21.566075290478867,1,3
440,3,2,8,111.70358029458563,18.869383666451863,4,1
471,2,1,3,112.5906272138669,18.75228575758953,1,3
140,2,1,8,96.78384107034714,20.58866627831374,1,3
266,1,3,6,105.14644909893201,20.2198078975571,4,2
14,4,2,2,66.78384107034714,23.038300577132674,4,3
227,3,3,6,103.08077571579366,19.813976362923636,4,1
264,1,3,0,105.04811780609495,19.18484260343452,4,2
407,1,1,2,110.68783227675661,19.04690159431887,4,3
368,2,3,5,109.37543456020552,17.811460212997602,1,2
292,3,2,3,106.36148554345255,21.969828912614265,2,2
402,3,3,6,110.52678159253409,18.21438172196771,2,1
216,3,3,2,102.43361253452792,19.395178021787775,4,2
24,2,3,0,73.80633725134817,21.80010188131038,1,3
355,2,1,8,108.90685059165281,19.725023689999258,2,2
51,2,2,5,83.62710528293809,21.44128684046386,2,3
389,2,1,7,110.09848803977124,18.026343685925657,2,2
470,2,1,2,112.56293573807153,19.40058979241719,1,3
188,4,1,7,100.6247354779104,20.72917560013175,4,2
72,4,1,1,88.11997489293805,21.121126186228928,4,3
361,3,1,3,109.12521605716972,18.42385244290095,4,2
240,1,2,2,103.80633725134817,21.810432280424898,3,3
250,3,3,9,104.33820026016113,19.906247604509115,3,1
61,1,1,0,85.95989505032301,20.129941510014376,3,3
105,2,1,6,93.03567897209814,22.110472563792953,1,3
397,1,2,9,110.36371520289345,18.107853730298086,2,2
231,3,2,1,103.30835939676433,22.411042400593484,2,2
494,3,3,3,113.2118084677094,18.758477010756646,1,2
416,1,2,8,110.97279991880228,19.916036044175126,1,2
240,4,3,5,103.80633725134817,17.53934871401828,4,1
246,2,1,7,104.12805321310137,18.303053794599897,4,2
152,2,1,1,97.85530763834319,21.548328855926396,3,3
180,3,3,6,100.05817515309917,20.31199755031922,3,2
38,4,2,5,79.7935078985043,24.063045632863645,1,3
45,1,3,8,81.99637541326031,22.28553756390356,3,2
22,2,2,6,72.67268042466618,22.87802819727442,2,2
169,4,1,0,99.23660113841021,21.789913876981185,1,3
336,2,2,7,108.19017832169533,20.191119167055913,1,2
196,4,3,9,101.16768214069427,19.686970586654283,2,1
252,4,3,2,104.44201622344633,18.46169427715692,4,2
95,3,1,1,91.73170815866544,18.455213519367963,4,3
293,2,2,2,106.40602861062328,18.92173146913497,2,2
75,1,2,5,88.65183790175101,19.948481114603524,2,2
179,3,2,2,99.9855909293968,22.599145550294704,3,3
54,3,1,9,84.37181279468905,20.912447776461068,1,3
71,1,2,4,87.93775046157225,20.52851594821773,3,3
450,3,3,5,111.9963754132603,17.279117584085324,2,1
143,4,2,7,97.06008112395185,20.02767455908211,3,2
293,4,1,6,106.40602861062328,18.69486220929546,2,2
37,2,2,7,79.44605172200986,23.79312425654347,3,2
117,2,2,2,94.44557585238485,20.7239185741765,3,3
53,1,3,3,84.12827608802367,21.578308368541254,4,2
349,2,2,5,108.68476280877539,18.996850965039865,2,2
295,4,3,6,106.4946604793449,20.136708872254715,3,1
455,1,3,8,112.14034189971338,18.333637644394162,1,2
340,1,1,0,108.34436751126765,19.832769342405072,3,3
137,2,3,7,96.50161701469219,21.963808119258225,3,2
357,4,3,7,108.98004648336578,19.56207036196307,1,1
482,1,1,5,112.89141114716548,18.461127602458316,2,2
240,4,3,3,103.80633725134817,18.665907103893282,4,1
199,4,1,2,101.36559229229121,19.588316784423803,4,3
234,4,2,2,103.47647572230429,20.215431301742143,4,2
394,2,1,5,110.26488665476722,17.440983992605954,1,3
386,3,3,7,109.99761914015266,19.831780843694016,3,1
292,3,1,6,106.36148554345255,19.57146413388281,2,2
455,1,3,0,112.14034189971338,18.636776650269944,3,2
130,4,2,5,95.8183005692051,19.75875653162849,4,2
125,2,1,6,95.30730039024169,19.992892260006464,3,2
470,4,2,6,112.56293573807153,19.341012467658157,1,2
242,4,3,8,103.91446097941292,19.4803423759636,1,1
268,2,3,9,105.24404382086368,18.974455650635065,2,1
368,3,2,4,109.37543456020552,19.53102003735097,2,2
207,4,1,0,101.87911036370753,20.320278741121378,4,3
465,4,1,1,112.42358858669863,17.508466080006087,2,2
420,3,3,3,111.09747871193701,19.461732825383283,3,1
146,2,2,4,97.33058567353311,22.768639645507132,1,3
327,1,2,8,107.83643257980859,19.685977531394645,1,2
174,3,1,0,99.61647744847801,18.33934505030853,1,3
234,1,1,2,103.47647572230429,19.82972781960912,2,3
316,1,1,4,107.39061247855213,17.430123377951105,1,3
243,3,2,2,103.96818820794937,22.770552851269223,1,3
181,4,1,3,100.13035724607553,22.22263896237692,1,3
161,1,1,2,98.60477628095549,19.473583889109054,4,3
472,1,3,3,112.61825995902265,16.4925068051039,4,2
324,2,1,0,107.71635030619836,18.349993782287378,2,3
383,4,1,7,109.89596321905867,18.82941293915441,1,2
169,1,2,3,99.23660113841021,18.31447614411924,2,2
105,2,2,6,93.03567897209814,20.62740958779396,1,3
481,4,3,1,112.86435229121497,18.52598610660825,1,2
242,3,1,1,103.91446097941292,19.7337085991216,1,3
189,3,3,5,100.69385412519733,20.160259764418246,2,2
122,2,2,1,94.99079492024245,19.535302908098604,2,3
327,3,3,5,107.83643257980859,18.362942702269486,1,2
451,1,2,1,112.0252962563388,18.843062538836172,3,2
61,4,3,3,85.95989505032301,20.77301836509375,2,2
277,1,3,6,105.67439307193345,20.34005546122391,4,2
304,1,1,7,106.88620750826263,19.347273798941437,2,2
395,3,3,2,110.29791286879382,20.835211947118093,1,2
396,1,1,8,110.33085557776536,19.78739688049469,3,2
122,3,1,1,94.99079492024245,21.604634377366356,1,3
110,4,1,7,93.64178055474675,20.76838801249011,4,2
122,4,1,7,94.99079492024245,20.658282009266053,2,2
449,1,3,3,111.96739023009971,20.534581556899205,2,2
90,2,2,0,91.02727528317975,20.518979588144997,1,3
196,3,2,0,101.16768214069427,20.43001114009581,1,3
122,3,2,1,94.99079492024245,20.234682975814298,4,3
11,1,3,8,63.64178055474675,23.367185886138024,3,2
139,3,1,1,96.69044400762286,19.162059333495996,4,3
229,3,2,1,103.19506447019663,18.937979202123397,3,2
63,2,3,5,86.38021648360746,20.433708900222804,2,2
352,2,1,6,108.79627990434395,19.714740818488774,3,2
494,1,2,6,113.2118084677094,19.719025081452724,3,2
233,2,1,8,103.42067763078057,19.56317886334354,2,2
234,1,2,5,103.47647572230429,19.881980357933223,2,2
394,4,2,7,110.26488665476722,18.82103997941818,2,1
412,1,2,5,110.84691648099403,18.104532432007613,4,2
135,4,1,1,96.31001305485017,21.23126171931186,2,3
139,1,3,0,96.69044400762286,20.983490292997192,1,3
62,3,1,4,86.17175068494763,19.490278946201272,2,2
181,2,2,8,100.13035724607553,19.703855274157192,2,2
227,4,1,7,103.08077571579366,18.809895087213203,2,2
169,1,3,3,99.23660113841021,19.685401316493756,3,2
207,2,1,4,101.87911036370753,19.14165739658299,4,2
425,1,3,4,111.25166790150934,18.828412839107664,2,2
256,2,3,5,104.64719895935548,19.205365368930977,4,2
333,2,1,2,108.07332700518958,18.841526605660203,1,3
448,1,2,4,111.93834041994432,19.91355438634428,1,2
212,4,3,1,102.19007582786253,20.338171077882993,2,2
193,4,1,9,100.96671927023323,19.199433422676243,1,2
132,3,3,0,96.0172179361755,19.842731473569028,4,2
410,2,2,0,110.78351570159205,19.413441485240405,3,2
264,3,1,9,105.04811780609495,19.985607791093273,2,2
303,3,1,6,106.84327885506914,18.711891875431018,1,2
289,1,1,1,106.22693528269645,19.14331580482819,4,3
334,1,2,3,108.11239400434692,21.035566639652274,4,2
381,1,3,4,109.82774927026858,18.430676984451797,1,2
107,2,1,6,93.2815133305563,22.582653255403155,4,3
207,1,3,1,101.87911036370753,20.915755906155052,4,2
479,1,3,5,112.81006540243689,20.444409734811778,2,2
404,2,2,0,110.59144095331814,18.311783932598757,4,2
249,2,1,6,104.28598041287208,19.40284608465003,1,2
153,4,3,8,97.94074292452797,19.75676189877164,2,1
106,1,1,4,93.15917595794312,21.81083559613189,1,3
210,1,1,4,102.06657884201758,19.225658343126153,3,2
133,1,2,3,96.11554922901257,21.119660570441617,1,3
196,4,1,2,101.16768214069427,20.561531197122612,1,3
335,1,1,8,108.15134421110537,19.136836048175287,2,2
473,4,3,4,112.64583422213434,20.0340763119509,4,2
358,3,2,7,109.01649079931624,19.206030789794983,1,2
268,4,1,8,105.24404382086368,20.309681336521937,2,2
157,3,3,4,98.27698957227702,19.677597673854514,3,2
261,1,2,9,104.89921522014842,18.78664166387833,2,2
452,3,2,8,112.05415304434146,19.52573022482346,2,1
429,4,3,1,111.37371876554172,19.293468367779575,4,2
412,2,3,8,110.84691648099403,19.158616016028965,1,2
355,3,3,3,108.90685059165281,18.765626592896936,3,1
460,3,3,5,112.2827349504472,20.320935981481583,2,2
156,1,3,5,98.19373795063385,19.064040400682767,1,2
157,4,1,5,98.27698957227702,19.000958033041325,1,3
361,3,1,1,109.12521605716972,20.029644899446858,2,3
208,3,2,6,101.94190004888284,20.665906379254785,1,2
317,3,1,5,107.43177786653254,19.610584992338612,2,2
498,3,1,0,113.31688028279152,18.38035974981804,2,2
426,2,1,1,111.28228797308157,19.374193331882253,2,3
433,4,3,6,111.49463689060096,20.57136660805944,3,1
137,1,2,0,96.50161701469219,22.865384506405007,2,3
48,1,2,0,82.8372371212676,20.059862582398083,4,3
347,2,2,0,108.60988424372621,18.72009145637883,1,3
369,4,2,7,109.41079098477181,18.57714763853798,3,1
138,3,1,3,96.59637259203708,21.966882212495975,1,3
276,2,1,3,105.62727246195652,16.955977767239144,3,2
485,4,3,1,112.9722521580679,19.216609977258756,4,2
450,3,2,0,111.9963754132603,18.543552150254936,3,2
482,2,1,9,112.89141114716548,20.34897163483109,3,2
443,4,1,8,111.79211178669209,20.321827661335252,3,2
160,1,3,6,98.52359947967773,20.51314678685892,1,2
424,1,3,3,111.22097569778197,17.298179359510005,2,2
487,4,3,5,113.02586883643903,18.123523634020962,1,2
307,1,1,1,107.01415126431559,18.8341937969547,2,3
108,4,1,6,93.40271266460849,19.333273939085686,1,2
272,3,3,1,105.43706712102596,20.610877569756774,4,2
261,4,2,9,104.89921522014842,18.05665198071075,4,1
153,3,3,7,97.94074292452797,22.171253216000913,3,2
355,2,3,7,108.90685059165281,21.072137574880177,4,2
121,4,3,0,94.88356110949351,20.126583627191142,3,2
69,2,3,7,87.56547272211765,21.57194809791805,2,2
378,1,1,1,109.72475399511677,18.9552411224179,4,3
11,3,2,5,63.64178055474675,24.537646744887017,2,2
394,4,3,0,110.26488665476722,20.248188673088038,1,2
313,2,2,4,107.26633012639346,19.53136397948072,2,2
263,3,2,6,104.99867245469275,19.969249464311787,1,2
149,3,2,9,97.59558805236821,19.619836930823663,2,2
462,1,3,0,112.33925926668377,19.20278804022196,2,2
46,1,1,1,82.28273495044722,21.934488583879258,4,3
169,3,3,6,99.23660113841021,19.164545397407622,2,1
18,3,2,5,70.05817515309917,22.98014537534697,4,2
242,4,2,2,103.91446097941292,19.225371384072638,4,2
108,3,1,9,93.40271266460849,20.05023315172109,3,2
156,4,3,1,98.19373795063385,19.03413499733705,3,2
313,3,2,9,107.26633012639346,19.33586972061013,1,2
217,1,1,3,102.49379201545588,18.97014679212907,2,2
140,4,2,2,96.78384107034714,19.850507720662588,1,3
413,2,1,6,110.87850154969203,19.987274120248085,2,2
161,1,1,7,98.60477628095549,20.77163847317283,3,3
63,4,3,1,86.38021648360746,20.383211703778002,3,2
129,4,2,9,95.71769130897746,20.78012193700869,2,2
170,2,3,6,99.31346764134821,20.201433934129334,2,2
417,4,2,7,111.00408164921274,20.601288043612186,3,2
125,3,3,5,95.30730039024169,21.852414961848105,3,2
84,2,2,5,90.12837858185645,19.45341341610452,1,3
122,1,3,9,94.99079492024245,21.36204817693436,3,2
465,1,1,0,112.42358858669863,20.022838392953837,2,3
429,3,2,3,111.37371876554172,19.421987332174158,1,2
431,1,2,0,111.43431810482195,18.521156045823613,2,2
113,4,1,3,93.99235330450259,23.014158584666877,4,3
349,4,3,1,108.68476280877539,19.782933000049486,1,2
263,3,2,4,104.99867245469275,21.47667702825895,2,2
236,1,2,9,103.58736008910321,20.992742420563186,3,2
121,1,3,8,94.88356110949351,20.975778549273954,4,2
482,3,1,9,112.89141114716548,18.131157973809824,2,2
108,2,3,2,93.40271266460849,20.635623855386648,1,3
162,1,3,7,98.68545043627893,19.909542503578553,2,2
358,2,3,2,109.01649079931624,17.88383196441911,4,2
411,1,2,5,110.81525465628206,19.568756109331495,1,2
393,1,1,3,110.23177651126281,20.544175350833125,4,3
375,1,1,7,109.62093803183157,18.739602702265394,2,2
347,1,3,5,108.60988424372621,21.302668074852114,3,2
203,4,2,7,101.62488113739639,18.27992910039863,3,1
319,2,3,0,107.51372049171542,20.30299149921566,2,2
172,2,2,5,99.46585340722646,21.724934894682765,2,3
217,1,2,0,102.49379201545588,19.54659021747335,2,2
454,1,2,0,112.1116755857131,18.60277593628581,1,3
178,2,2,7,99.91260006926683,21.051505168917718,4,2
493,4,1,6,113.1854075783169,19.187450352127843,4,2
170,3,2,2,99.31346764134821,18.07124189240567,4,2
77,3,2,5,88.99472175517445,20.257154669943173,2,2
298,2,3,8,106.62648792228765,19.323801659723774,4,1
407,1,3,6,110.68783227675661,17.561518592639274,2,1
286,1,1,2,106.09098099387128,18.91672758418297,1,3
313,4,3,5,107.26633012639346,17.92868156211672,3,1
413,3,2,3,110.87850154969203,18.541979214477408,2,2
393,4,3,2,110.23177651126281,18.640199621552558,2,2
401,3,1,8,110.49433117860548,19.302321558733166,3,2
144,2,3,9,97.15087476285748,20.19315319971475,3,2
204,3,3,1,101.68890502277696,20.333899218763058,1,2
410,4,1,0,110.78351570159205,19.305192437314716,4,2
137,4,1,1,96.50161701469219,21.38117829279509,2,3
42,4,2,6,81.09747871193701,22.764035169766416,4,2
185,2,3,9,100.41515185209042,20.726608649925673,2,2
469,3,2,0,112.5351852814525,21.851348900321472,1,3
452,3,3,5,112.05415304434146,19.14198733220818,3,1
380,4,3,6,109.79350789850432,21.61422071400843,1,2
479,3,2,8,112.81006540243689,19.131211862000246,3,1
384,1,3,7,109.92993673102592,18.924155412091515,4,1
31,1,3,5,77.14085081502819,21.912749736283985,4,2
247,1,3,2,104.18090859778997,21.091634938669433,1,3
167,3,1,7,99.08149413442749,21.732353979445186,3,2
47,2,2,6,82.56293573807153,22.34349028215758,1,3
239,2,1,2,103.75193702844413,20.75835307165829,3,3
374,2,2,8,109.5861480660144,17.764164727475478,3,2
60,2,2,1,85.74453751150931,19.876766426336857,4,3
447,1,3,2,111.90922569395809,20.055404316401646,4,2
273,1,2,1,105.48487941122269,19.324700560974712,3,2
292,4,1,0,106.36148554345255,20.113153863052247,3,3
36,3,1,3,79.08907502301861,21.37380454774206,3,3
235,3,1,4,103.5320358681521,21.303784882889566,4,2
286,2,2,5,106.09098099387128,17.850483228723835,4,2
295,1,1,4,106.4946604793449,17.964948865582823,2,2
106,2,2,0,93.15917595794312,22.128393987918034,3,3
293,4,1,2,106.40602861062328,16.74955534595477,2,2
376,3,1,0,109.65563534782981,19.413005333311936,3,2
457,3,2,4,112.1974860020955,18.672925404193876,4,2
490,2,1,4,113.10588240085542,17.953459840714427,2,2
462,4,3,5,112.33925926668377,18.566134224741255,2,1
326,3,2,7,107.79652800203817,18.372823706706374,1,2
313,4,2,9,107.26633012639346,20.815622933409152,3,2
156,4,2,0,98.19373795063385,21.985123293298226,4,3
13,2,3,3,65.81830056920509,22.732432356291145,1,3
44,1,2,9,81.70358029458562,22.10516684800997,1,3
201,2,1,0,101.49588172261468,18.525335356802486,3,3
58,1,1,8,85.30283980688812,22.542768178314315,1,3
26,4,1,6,74.84920043912453,23.56208913073086,3,2
181,1,2,6,100.13035724607553,19.691702042684756,1,2
229,4,1,4,103.19506447019663,19.697378611400232,3,2
167,3,2,6,99.08149413442749,19.99808513703458,4,2
486,3,1,1,112.9990880778688,17.081633358532844,3,2
55,3,3,3,84.61088068482732,23.084916079117395,3,2
382,2,3,6,109.86190088735125,18.246856672382446,2,1
15,2,3,2,67.68273777167045,22.471576950575034,4,3
108,4,3,1,93.40271266460849,20.509308879077317,4,2
389,3,2,9,110.09848803977124,19.985699781385154,4,1
242,2,1,1,103.91446097941292,19.01725068696668,1,3
46,3,3,0,82.28273495044722,19.819541283551835,2,2
289,2,2,4,106.22693528269645,18.49030841100082,4,2
358,1,3,5,109.01649079931624,19.52249133914737,1,2
311,1,3,5,107.18281167080514,21.471469120728674,1,2
190,3,2,8,100.76260802858488,18.663819230768354,1,2
104,4,2,3,92.9110001789634,19.41239821462283,2,2
108,2,1,0,93.40271266460849,19.147133232700334,1,3
197,2,1,5,101.23398678484779,18.23987633021588,2,3
490,1,3,4,113.10588240085542,19.895103219995885,3,2
125,1,3,9,95.30730039024169,21.963958536340208,1,2
200,4,1,5,101.43089986991944,20.034665906588458,4,2
262,4,1,2,104.94903873959237,19.037383353899905,1,3
478,4,2,1,112.78283689836357,20.51286009702627,3,2
425,3,1,5,111.25166790150934,19.048741251505568,3,2
480,1,1,0,112.8372371212676,19.805712997233673,1,3
170,3,3,6,99.31346764134821,19.552204294143362,3,1
265,1,1,6,105.09737621810424,19.53450623241335,2,2
332,1,3,9,108.03414251112108,17.959244103440845,2,1
137,2,1,6,96.50161701469219,20.979087270424365,1,3
27,1,2,9,75.34091292476961,22.656846458296354,2,2
290,1,1,0,106.27193993696869,18.478242773889345,2,3
499,3,1,3,113.34301636870168,17.78459121360337,4,2
232,1,1,6,103.364639546727,21.27949454866604,1,3
63,3,3,8,86.38021648360746,23.33364710210107,3,2
67,4,2,4,87.18224408102479,21.0686402552302,1,3
332,1,1,1,108.03414251112108,19.264339321650052,2,3
369,1,3,6,109.41079098477181,19.459035376171034,4,1
183,3,2,9,100.27353269191289,20.120678488968398,1,2
289,4,3,0,106.22693528269645,17.703008751191728,1,2
123,2,3,6,95.09715334318193,20.918155342872193,2,2
297,4,2,5,106.58269347951637,17.253841617447755,2,2
440,3,1,6,111.70358029458563,18.09695777928382,1,2
351,4,3,9,108.75921349397473,19.629505797227345,2,1
160,3,3,2,98.52359947967773,20.747634259957064,2,2
459,3,1,2,112.25438056611782,17.96448885917873,2,2
136,2,1,6,96.40616725110652,19.90094633470243,2,2
164,1,2,1,98.84531544143093,19.521631946858452,2,3
499,3,2,0,113.34301636870168,18.56285419999376,4,2
395,3,2,8,110.29791286879382,18.943414366484955,2,1
483,2,1,8,112.91841392254537,19.376626737274574,3,2
282,3,3,6,105.90747324958082,18.892355812152136,1,1
113,1,3,6,93.99235330450259,20.974160861463297,4,2
426,2,2,2,111.28228797308157,19.378786967179035,4,2
402,1,1,9,110.52678159253409,19.145611218118454,2,2
308,1,3,1,107.05652149501333,19.03474202804919,1,2
255,2,2,6,104.59620541301865,19.721024922973573,3,2
185,3,3,8,100.41515185209042,20.710225088184533,2,2
48,1,3,0,82.8372371212676,22.55546115558955,1,3
486,1,1,3,112.9990880778688,20.515463877040023,2,3
179,1,1,5,99.9855909293968,19.01141467075406,2,3
256,1,3,6,104.64719895935548,19.09527271306905,2,1
35,2,2,9,78.72204133050826,20.514327206680772,2,2
364,2,1,6,109.23304150947169,20.007705313380686,2,2
315,4,3,9,107.34931661368802,18.930560832274452,2,1
418,4,1,1,111.03528845325104,19.10266213670422,2,2
417,1,1,3,111.00408164921274,18.295253265632088,3,2
22,3,1,4,72.67268042466618,22.406027962555555,4,3
325,1,3,0,107.75650082936625,20.44754002249003,3,2
400,3,2,0,110.46179973983888,19.648053436502092,2,2
322,1,2,9,107.63567615087493,19.124910327253563,2,2
45,4,2,2,81.99637541326031,22.568176378150365,3,3
182,4,1,9,100.20214163955225,20.76968591608265,3,2
29,3,3,2,76.27193993696868,21.9813804896164,4,2
330,1,1,7,107.95541819633664,17.735378619730128,3,2
273,3,2,8,105.48487941122269,18.55235043187569,4,1
409,4,2,0,110.75169924022026,17.584301472595456,2,2
151,1,3,1,97.76930841879508,21.3875038041134,1,3
469,1,1,9,112.5351852814525,20.08459668830243,1,3
380,3,2,1,109.79350789850432,20.607023090308584,1,3
480,2,3,3,112.8372371212676,16.69672073889607,1,2
152,3,1,1,97.85530763834319,21.285870146539402,2,3
101,4,1,6,92.52964121347928,22.959227188036756,1,3
363,4,2,8,109.19719875108336,20.19226783870231,3,2
331,4,2,6,107.99483981327157,17.049286400802174,3,1
297,4,1,5,106.58269347951637,21.110028960445135,1,3
224,4,1,9,102.90744055002489,19.750944982129454,3,2
456,2,2,0,112.16894527993304,18.550706365506223,4,2
351,1,1,9,108.75921349397473,19.575173947185505,2,2
60,3,2,8,85.74453751150931,20.376539326278582,1,2
162,3,1,4,98.68545043627893,20.134237327293686,1,3
195,4,2,4,101.10103834087553,21.51032581101652,2,2
72,3,3,5,88.11997489293805,21.810399381229484,3,2
199,4,2,8,101.36559229229121,19.92184224287355,2,2
134,2,2,7,96.21314395094423,20.468293764833184,2,2
159,2,3,7,98.44191372961353,18.974414643739845,3,2
323,1,1,7,107.67607566993308,19.082404541606966,2,2
67,2,3,0,87.18224408102479,19.647480256267755,3,2
351,2,2,0,108.75921349397473,20.14651960299634,3,3
314,1,1,7,107.30788944219645,17.08350057330501,2,2
189,3,3,4,100.69385412519733,20.785514967100976,4,2
179,4,1,8,99.9855909293968,20.980851807894382,3,2
335,4,1,1,108.15134421110537,20.503630194616658,2,3
280,3,3,8,105.81474094026657,19.505385069135148,3,1
63,1,1,7,86.38021648360746,22.278606817796785,4,3
453,3,3,8,112.08294606038496,18.631958753596287,4,1
110,2,2,3,93.64178055474675,19.44912482683739,1,3
490,1,1,0,113.10588240085542,20.220144152452452,3,3
273,1,2,0,105.48487941122269,19.354626229262657,3,2
62,1,2,4,86.17175068494763,19.973313614032044,2,2
69,4,1,1,87.56547272211765,20.776637781998453,3,3
117,3,3,7,94.44557585238485,20.128117732193346,1,2
14,1,1,9,66.78384107034714,23.7833128110895,4,3
112,1,2,4,93.87654068010545,22.959393415362186,4,3
205,1,2,4,101.75261583167261,20.3471570301153,1,3
271,3,3,1,105.38907872623219,19.667935979373304,3,2
374,4,1,6,109.5861480660144,21.497161392961118,3,2
489,2,2,7,113.07926577370861,19.670966962541865,1,2
381,4,2,9,109.82774927026858,19.27147427710807,2,1
359,1,2,0,109.05283345734958,18.615304795446946,4,2
56,4,3,1,84.84564081018601,21.83163599518596,1,3
364,4,2,9,109.23304150947169,19.010305444959695,1,2
320,2,2,3,107.55449934959717,19.33598419259928,3,2
433,3,1,4,111.49463689060096,20.164938735709377,4,2
317,3,1,1,107.43177786653254,18.716500030209257,3,2
153,4,2,0,97.94074292452797,20.719466415710716,1,3
278,4,2,8,105.7213438775423,20.376805602083365,2,2
379,3,1,0,109.75917629904217,18.361969853271376,4,2
133,3,3,3,96.11554922901257,19.56582366160964,1,2
115,2,3,1,94.22093521060836,20.42756455635826,1,3
167,1,3,3,99.08149413442749,19.63022099630079,2,2
156,4,3,7,98.19373795063385,21.33295881367812,1,2
154,3,3,7,98.02562162509389,19.195669558925957,1,2
129,4,3,8,95.71769130897746,20.496702237630924,4,2
328,4,3,4,107.87621531135036,21.758426802269437,4,2
284,3,3,6,105.99955020141113,19.81310151364507,4,1
101,2,1,2,92.52964121347928,21.326326022956955,3,3
67,4,3,9,87.18224408102479,22.442458087594645,2,2
448,2,3,3,111.93834041994432,18.34321689258021,4,2
355,3,3,9,108.90685059165281,18.027895312089314,3,1
238,1,2,8,103.69730871169534,19.806780404993212,3,2
483,1,1,9,112.91841392254537,18.973562436094,2,2
126,4,1,9,95.4111163535269,18.84067756993415,2,2
327,3,1,0,107.83643257980859,19.59142865670192,1,3
288,2,3,1,106.18177463277692,20.451673035423347,3,2
136,4,3,4,96.40616725110652,19.446435201865338,4,2
402,3,2,2,110.52678159253409,19.382877689121404,2,2
405,3,1,1,110.62365069644005,19.829898590726128,3,2
138,2,3,0,96.59637259203708,20.927040949326372,4,3
67,4,1,9,87.18224408102479,21.962781830639077,3,2
131,3,2,2,95.91813886967293,20.163385871226403,2,3
10,3,2,0,62.4,22.6324956622594,1,3
248,3,2,0,104.2335504247865,19.129498495137437,3,2
299,2,1,0,106.67013564973288,18.746929333156086,4,3
105,4,3,7,93.03567897209814,20.616173056582642,2,2
135,4,3,2,96.31001305485017,21.462269599974913,1,3
127,4,2,0,95.5141116286787,19.13674870896796,4,2
57,4,3,6,85.07624567017474,21.63662545579992,4,2
98,1,2,9,92.13678227077484,19.722920127404663,4,2
497,1,1,2,113.29069166199994,17.930883915977237,3,3
246,4,2,7,104.12805321310137,20.145935431301705,2,2
382,2,1,3,109.86190088735125,17.823864857899174,4,2
394,1,2,3,110.26488665476722,19.707755624226255,3,2
281,3,3,4,105.86118959715239,18.061716593660037,2,1
198,1,3,5,101.29995570784592,20.536984832653566,2,2
496,3,2,6,113.26445029470594,17.124023700950893,3,1
201,4,3,3,101.49588172261468,19.232599148481917,3,1
456,1,3,7,112.16894527993304,20.679599855136257,4,2
78,2,3,5,89.16283808071441,22.792262561695445,2,2
287,1,1,0,106.13645690201977,18.973829657280877,1,3
358,1,3,0,109.01649079931624,19.488311506098277,3,2
256,1,1,8,104.64719895935548,20.739348122949334,2,2
460,4,2,9,112.2827349504472,19.45302267937575,2,1
85,2,3,5,90.28256777142877,20.698278976402296,4,2
163,1,3,9,98.76562813211874,19.374801872751796,1,2
153,2,3,7,97.94074292452797,21.074028850505133,4,2
444,4,2,6,111.82148910343858,19.94855439827064,1,2
494,3,1,5,113.2118084677094,20.394520987623448,1,3
95,1,1,3,91.73170815866544,19.139579760680384,3,3
194,2,3,6,101.03405189790678,18.64347002200827,2,2
294,2,2,8,106.45041991236471,20.51688161091061,2,2
471,4,2,9,112.5906272138669,17.189406731863134,2,1
229,1,2,9,103.19506447019663,20.91904350789227,1,2
78,3,2,6,89.16283808071441,20.868783685943168,2,2
56,2,2,0,84.84564081018601,20.994522099644715,3,3
103,1,1,9,92.78511674115515,20.926916922155957,1,3
247,3,1,8,104.18090859778997,18.236540687985507,1,2
455,2,1,3,112.14034189971338,19.609980640627015,1,3
462,2,3,2,112.33925926668377,20.45571107102632,1,3
213,3,2,3,102.25138810316213,20.64543740549803,3,2
409,3,3,3,110.75169924022026,18.67832138342383,2,1
227,4,2,9,103.08077571579366,18.15388672065519,3,1
483,1,1,1,112.91841392254537,17.208571151542532,2,3
441,1,3,0,111.73315768403515,17.497040929357176,3,2
350,4,1,9,108.72204133050826,19.115517589836855,4,2
48,2,2,0,82.8372371212676,21.829676351145842,4,3
109,3,2,7,93.52279493821871,21.516164016919124,4,2
298,3,2,1,106.62648792228765,17.54132222128816,4,2
263,3,1,9,104.99867245469275,20.811342984923126,1,2
231,2,2,4,103.30835939676433,20.36357037926894,1,3
366,3,1,3,109.30443256183233,18.742720450754632,3,2
32,3,3,7,77.55449934959718,21.054788523308183,3,2
259,4,2,1,104.79899292243755,20.769241349447366,4,2
19,2,2,9,70.76260802858486,22.62364523590413,2,2
255,1,2,8,104.59620541301865,19.520360559353705,4,2
334,4,3,6,108.11239400434692,19.572372570353238,3,1
109,4,2,6,93.52279493821871,19.734521600396516,4,2
299,1,1,0,106.67013564973288,19.050805856001464,3,3
189,4,1,1,100.69385412519733,20.795931489500646,4,3
232,2,2,3,103.364639546727,20.427632123823575,2,2
403,3,2,3,110.55915138423327,19.71719206827191,4,2
259,2,3,2,104.79899292243755,18.364920956615816,2,2
156,1,3,6,98.19373795063385,19.944045854207474,2,2
451,1,3,7,112.0252962563388,18.401076539318318,3,1
105,4,2,1,93.03567897209814,21.121610945064887,2,3
266,2,3,3,105.14644909893201,19.821013079755698,1,2
334,2,3,2,108.11239400434692,19.34418793030824,1,2
13,1,1,1,65.81830056920509,25.88390389849942,1,3
25,2,3,5,74.33820026016113,22.27537389383985,3,2
289,1,1,3,106.22693528269645,18.969483385661814,1,3
345,2,1,5,108.53457285219821,17.989793044444124,3,2
256,2,3,1,104.64719895935548,17.997432778135583,3,2
267,2,1,3,105.19533784093727,18.260148838690498,1,3
485,1,2,5,112.9722521580679,17.98409285874993,2,2
393,4,2,4,110.23177651126281,20.286895443311572,4,2
169,2,3,2,99.23660113841021,20.11550379052084,3,3
484,1,2,7,112.94536084933236,18.898794582019498,1,2
349,1,1,6,108.68476280877539,19.035250410920366,3,2
161,2,2,2,98.60477628095549,20.50482336492624,2,3
405,2,3,5,110.62365069644005,20.339707077573838,2,2
187,4,3,3,100.55524819609496,17.95054434412247,1,2
172,1,1,4,99.46585340722646,21.271751974862735,3,3
389,1,3,4,110.09848803977124,16.47511274348787,4,2
42,3,2,6,81.09747871193701,21.918454840328227,4,2
426,1,3,4,111.28228797308157,21.06367855743626,3,2
454,4,1,2,112.1116755857131,19.46949038096023,3,2
188,3,3,9,100.6247354779104,20.310585387529596,3,2
436,3,2,4,111.58459467805758,20.843486498997216,1,2
110,3,1,6,93.64178055474675,19.932759046524183,2,2
277,2,2,4,105.67439307193345,19.866528115271702,4,2
332,2,1,4,108.03414251112108,19.774702846361784,1,3
74,1,3,8,88.47695159192929,20.629902706580044,3,2
426,3,1,2,111.28228797308157,18.43766102319586,3,2
177,4,1,5,99.83919799085422,19.47230076769124,2,2
339,2,3,0,108.30599094609246,19.256715879399316,3,2
52,4,2,9,83.88010030904397,22.158681574866915,1,2
53,4,3,4,84.12827608802367,21.710402664112294,1,2
294,2,1,7,106.45041991236471,20.064419826193383,2,2
406,2,3,4,110.65578100731582,16.96527461329487,1,2
21,2,1,8,72.06657884201758,22.575090952055405,4,3
104,2,3,5,92.9110001789634,19.685480671753012,1,2
311,3,3,7,107.18281167080514,19.583441345602385,1,1
395,3,2,9,110.29791286879382,19.25712614179294,1,2
262,3,1,7,104.94903873959237,19.389474011083305,4,2
251,3,2,2,104.39021164443113,20.071257846088958,3,2
44,1,1,6,81.70358029458562,22.827454688805467,1,3
224,3,3,6,102.90744055002489,19.648735422691203,2,1
346,2,1,9,108.5722829637833,18.091076815521966,4,2
99,4,2,5,92.26905583792649,19.19183684528787,2,2
273,3,2,6,105.48487941122269,19.487622234207862,1,2
102,1,2,1,92.65800515285753,20.976066186227786,2,3
419,2,1,8,111.06642068898884,17.923834041581134,1,2
467,4,2,9,112.47950641698336,19.477816181464696,4,1
99,4,2,9,92.26905583792649,20.314137530382776,2,2
427,3,2,0,111.31283625075073,17.212283509753775,2,2
124,4,3,0,95.20265055486706,21.736171286858482,1,3
114,3,3,2,94.10714554009418,21.733273365192748,1,3
400,3,1,2,110.46179973983888,16.938220589353012,3,2
205,2,1,0,101.75261583167261,19.262138135179043,1,3
323,2,2,6,107.67607566993308,18.630808751592415,1,2
123,1,3,3,95.09715334318193,22.129773325099308,3,2
84,2,2,9,90.12837858185645,20.8878694317727,1,3
422,2,2,1,111.15937352885021,17.388184449059562,1,3
385,3,3,9,109.96382188525502,19.88572259371538,3,1
429,2,3,4,111.37371876554172,17.631852577679744,4,2
226,3,3,5,103.02325317442202,19.437334191836037,4,1
286,3,1,8,106.09098099387128,18.621133022731993,1,2
258,2,1,3,104.7485911788969,18.96468578383037,1,3
173,1,2,1,99.54138309386386,20.983119780177553,3,3
403,1,1,4,110.55915138423327,20.46541502290884,3,3
366,4,3,2,109.30443256183233,17.79518799743739,4,2
466,4,3,1,112.45157750070001,19.38091867543782,2,2
417,2,1,0,111.00408164921274,18.166838205388732,1,3
201,1,2,9,101.49588172261468,19.148739917714458,2,2
236,3,2,1,103.58736008910321,20.131900212512395,2,2
186,4,1,5,100.4853883265375,18.923558401632555,3,2
108,3,2,7,93.40271266460849,21.130331334314196,1,2
45,4,2,2,81.99637541326031,22.530475815183706,1,3
475,2,2,8,112.700808288746,18.29738690942638,3,2
496,1,3,8,113.26445029470594,20.00063307254307,2,2
105,4,3,1,93.03567897209814,19.42360749072868,3,2
161,1,1,7,98.60477628095549,21.484928562516124,4,3
160,3,3,9,98.52359947967773,18.203652622547093,1,2
199,2,2,4,101.36559229229121,22.563154911190388,4,3
233,1,3,3,103.42067763078057,19.25172999830011,3,2
46,2,1,9,82.28273495044722,20.609419348567663,1,3
277,1,3,4,105.67439307193345,19.199888784286657,4,2
378,3,2,3,109.72475399511677,17.981046657863896,4,2
192,3,2,7,100.89903686110648,20.297061612743892,2,2
22,2,1,3,72.67268042466618,24.10038928900353,1,3
288,3,3,9,106.18177463277692,18.38836631066563,4,1
226,4,3,5,103.02325317442202,20.277073921731798,4,2
364,1,3,1,109.23304150947169,17.54396048015707,2,2
370,3,2,4,109.44605172200986,20.088349561027627,4,2
295,4,1,5,106.4946604793449,19.766770318993107,4,2
282,2,3,4,105.90747324958082,20.48543599637224,4,2
378,4,2,1,109.72475399511677,18.90517769784722,2,2
71,2,2,6,87.93775046157225,20.77106835598802,4,2
93,2,2,3,91.45448845661805,21.67066859039553,4,3
377,1,3,7,109.69024050617378,17.722927427824203,1,2
226,1,3,6,103.02325317442202,17.95485035082422,1,2
351,4,3,6,108.75921349397473,19.11911666656249,2,1
406,1,3,8,110.65578100731582,18.544825292409627,3,1
196,1,3,0,101.16768214069427,20.43706511771212,1,3
28,1,3,9,75.81474094026657,23.51007733028734,2,2
186,4,3,5,100.4853883265375,20.48447524649739,4,2
109,3,3,5,93.52279493821871,21.659623818004874,4,2
405,1,3,5,110.62365069644005,19.25868726368816,2,2
454,1,2,5,112.1116755857131,19.283428189749788,4,2
242,4,3,9,103.91446097941292,19.491896692226437,4,1
412,3,1,6,110.84691648099403,19.380353812915782,3,2
85,1,2,9,90.28256777142877,21.138396051420635,4,2
274,2,3,5,105.53251688461162,19.7719251080679,1,2
464,4,1,0,112.39553941664641,18.593722025248518,4,2
293,1,3,2,106.40602861062328,20.16832633940897,2,2
215,1,1,1,102.37315379746815,19.052232070418235,3,3
232,2,1,5,103.364639546727,19.64518702442319,4,2
393,2,1,7,110.23177651126281,20.288606249081294,2,2
61,4,1,2,85.95989505032301,20.455288672046574,1,3
348,4,2,9,108.64737731839742,16.973416806407627,4,1
376,2,2,7,109.65563534782981,19.400893631514993,3,2
153,4,1,7,97.94074292452797,19.9489712171937,4,2
382,2,3,4,109.86190088735125,20.024672151636715,2,2
78,1,1,7,89.16283808071441,20.953201112031564,3,3
108,2,2,5,93.40271266460849,20.055389661975838,4,3
405,2,3,4,110.62365069644005,18.86181753453778,1,2
34,3,2,8,78.34436751126765,23.258631835486444,3,2
445,2,2,6,111.85080032942795,19.39028959424958,1,2
388,2,3,7,110.06495176782622,16.559602566669344,2,1
478,3,1,0,112.78283689836357,18.907483802250415,4,2
493,4,1,1,113.1854075783169,18.917221374569714,1,3
62,3,1,7,86.17175068494763,21.36457496630472,2,2
160,1,1,8,98.52359947967773,19.536750160463637,4,2
153,3,3,3,97.94074292452797,21.400457582053647,2,2
66,1,3,9,86.98631806625606,22.545402141509257,1,2
48,4,3,9,82.8372371212676,19.513115827047375,2,1
118,3,2,8,94.55646021918376,19.74639450034018,3,2
190,3,3,3,100.76260802858488,19.779008545855792,4,2
51,4,1,9,83.62710528293809,22.58579767542286,2,2
195,1,2,9,101.10103834087553,19.924749042304214,1,2
432,3,1,9,111.46451240444736,18.16995495939034,4,2
407,1,1,8,110.68783227675661,19.640750349631716,3,2
232,3,3,6,103.364639546727,19.452199959776305,4,1
131,2,3,1,95.91813886967293,20.290785253877747,3,3
142,3,1,8,96.96865033149169,20.275976533446755,4,2
172,4,1,3,99.46585340722646,20.627723100115837,2,3
224,4,2,7,102.90744055002489,19.400706343323726,2,1
230,1,3,6,103.2518350805278,20.361762984594442,1,2
244,3,2,6,104.02169479016189,19.52476155257674,3,1
340,1,2,7,108.34436751126765,18.09854666245536,1,2
155,1,2,0,98.10995094510875,20.152228599793677,2,3
248,2,1,4,104.2335504247865,18.561431554376135,3,2
85,2,2,1,90.28256777142877,21.012730012633064,1,3
18,4,2,1,70.05817515309917,23.823656413921547,1,3
83,1,1,0,89.97234277128221,19.929136716869664,1,3
451,4,3,4,112.0252962563388,19.16174378017056,1,2
410,3,3,1,110.78351570159205,18.092610971487584,1,2
262,1,2,3,104.94903873959237,19.706796685957308,3,2
239,1,1,2,103.75193702844413,20.48501053917607,1,3
16,3,3,2,68.52359947967774,21.018126977922186,3,2
183,3,2,1,100.27353269191289,18.858170903937367,1,3
150,4,2,5,97.68273777167045,19.862746777723032,2,2
177,4,1,1,99.83919799085422,20.331120690096196,2,3
179,3,2,7,99.9855909293968,19.835057577701996,1,2
402,4,3,7,110.52678159253409,18.90144105876567,4,1
443,3,1,4,111.79211178669209,20.863773346682045,2,2
292,1,3,9,106.36148554345255,18.151394166805517,3,1
131,1,3,6,95.91813886967293,21.543671129395477,1,2
203,2,3,3,101.62488113739639,19.487533759105947,3,2
14,1,2,0,66.78384107034714,23.871090685464022,4,3
38,3,2,1,79.7935078985043,24.14959576589517,1,3
174,4,3,9,99.61647744847801,20.727030278837624,2,2
431,2,3,9,111.43431810482195,19.229063899307803,3,1
348,4,1,3,108.64737731839742,20.734384603309632,2,2
145,3,1,0,97.24104006704925,21.400694637888265,2,3
374,1,2,7,109.5861480660144,18.241991117237127,1,2
330,2,2,8,107.95541819633664,19.498982922820193,3,2
351,3,1,3,108.75921349397473,17.40658291646177,4,2
154,2,3,9,98.02562162509389,19.65728444911636,2,2
336,2,2,2,108.19017832169533,19.495035135430328,1,3
226,1,3,1,103.02325317442202,19.095569329776538,1,2
310,3,1,4,107.14085081502819,19.559281664469104,4,2
141,4,2,2,96.87657337966138,20.298958046380825,1,3
301,2,2,9,106.75699486781531,19.86071724561351,2,2
79,2,1,6,89.32881273871324,20.642919704100564,1,3
261,4,2,5,104.89921522014842,18.569929563548445,3,2
424,3,1,0,111.22097569778197,20.35602925639506,3,3
284,2,2,7,105.99955020141113,18.904348237168943,2,2
454,2,1,1,112.1116755857131,19.448843034545806,3,3
373,2,2,4,109.55126495426063,20.48012053104647,4,2
191,3,3,8,100.83100101743182,20.079569897254352,1,2
176,3,3,7,99.76538003442451,19.167155427114402,2,1
100,4,3,1,92.4,20.581390025452652,4,2
211,3,2,8,102.12847365893077,20.804693550713676,1,2
355,3,2,4,108.90685059165281,19.31556248657258,4,2
28,1,3,9,75.81474094026657,21.213384113769067,2,2
48,4,3,5,82.8372371212676,22.31292012140695,2,2
135,2,1,2,96.31001305485017,21.13853016356598,4,3
460,3,1,2,112.2827349504472,18.416414618837344,1,3
182,2,1,9,100.20214163955225,20.590030211649523,3,3
150,2,3,7,97.68273777167045,20.476744818293422,3,2
251,1,3,9,104.39021164443113,19.363549296914847,4,1
229,3,3,9,103.19506447019663,18.386957809386672,2,1
135,4,1,1,96.31001305485017,21.44695258962074,1,3
67,3,2,1,87.18224408102479,22.040986591817354,1,3
157,2,3,4,98.27698957227702,20.756187337147608,2,2
485,4,2,5,112.9722521580679,20.247300787871303,3,2
465,3,2,1,112.42358858669863,19.70283486834373,1,2
326,2,2,4,107.79652800203817,19.906913205947745,4,2
392,2,1,6,110.1985820106137,16.7669144509118,3,2
370,1,2,9,109.44605172200986,20.25228977960143,4,2
432,1,3,9,111.46451240444736,18.936629273837315,3,1
10,1,1,7,62.4,24.072491680257137,2,3
396,2,3,6,110.33085557776536,19.286247631916847,4,1
470,3,3,7,112.56293573807153,19.51753916983513,4,1
357,1,1,8,108.98004648336578,20.224170380465107,2,2
199,3,3,4,101.36559229229121,20.4976819138301,4,2
200,1,3,4,101.43089986991944,20.332195602327946,3,2
378,4,1,9,109.72475399511677,19.259037339783895,1,2
418,4,3,3,111.03528845325104,15.544860637770217,1,2
321,1,2,8,107.59515097214614,18.952893883335197,2,2
426,2,3,4,111.28228797308157,17.930181685341196,3,2
431,1,2,1,111.43431810482195,20.06730772845689,4,3
126,1,3,9,95.4111163535269,21.077925562933604,4,2
143,2,1,7,97.06008112395185,19.83585490039108,1,3
67,4,1,6,87.18224408102479,20.924058409628277,4,2
53,3,3,7,84.12827608802367,21.19319102789521,1,2
182,1,1,2,100.20214163955225,19.567959681725856,2,3
169,2,3,3,99.23660113841021,18.631782442634183,4,2
182,1,1,4,100.20214163955225,18.31850634276701,3,3
326,2,2,5,107.79652800203817,19.249393972177927,4,2
312,3,3,0,107.22463782055328,20.352850357304025,1,2
158,3,2,3,98.35971260863269,19.62633904170887,2,2
89,4,2,9,90.88170019934739,21.215274730989304,1,2
383,2,3,4,109.89596321905867,19.74466459527086,4,2
222,2,2,6,102.79058923351917,18.727562871064226,1,2
212,4,3,4,102.19007582786253,19.761016988493843,1,2
261,4,2,0,104.89921522014842,18.843557996711642,2,2
238,2,3,6,103.69730871169534,21.23638862066176,3,2
173,4,3,7,99.54138309386386,21.60832119747573,4,2
236,3,1,6,103.58736008910321,18.64892115121483,2,2
156,1,3,3,98.19373795063385,20.56651058802094,3,2
29,3,3,7,76.27193993696868,23.440405307115622,1,2
450,4,2,4,111.9963754132603,19.6486919590503,3,2
411,2,3,9,110.81525465628206,19.00003756935616,1,2
56,2,1,8,84.84564081018601,22.82199338074575,1,3
242,3,2,9,103.91446097941292,18.704039213069276,2,1
314,2,2,4,107.30788944219645,18.96611811138566,1,2
23,4,1,0,73.25183508052778,21.797174072187648,2,3
152,3,2,8,97.85530763834319,20.9969627308663,3,2
424,2,2,4,111.22097569778197,18.29526555592235,3,2
10,1,2,5,62.4,23.58875082456291,1,3
382,1,2,3,109.86190088735125,19.631480279530624,2,2
63,4,1,5,86.38021648360746,22.06022826541707,1,3
383,2,1,7,109.89596321905867,18.103277331838882,2,2
268,4,2,2,105.24404382086368,20.532250901686425,2,2
153,3,2,4,97.94074292452797,20.661615376214453,2,2
480,1,1,1,112.8372371212676,17.634573448292837,3,3
450,3,1,1,111.9963754132603,17.472646562917358,2,2
468,2,1,6,112.50737559222372,18.73344273051556,3,2
21,4,2,9,72.06657884201758,23.64343610511505,2,2
339,4,2,9,108.30599094609246,20.045116767791733,3,2
233,4,3,9,103.42067763078057,20.014099114146788,4,1
281,3,1,5,105.86118959715239,19.462555878611585,3,2
465,1,2,3,112.42358858669863,19.26937881040914,3,2
367,3,1,4,109.33998192756269,18.21067129285447,1,2
469,3,2,0,112.5351852814525,20.43346933488014,2,2
417,2,1,6,111.00408164921274,20.57353025320125,4,2
165,2,2,7,98.9245183264172,20.536360481978978,1,3
382,2,3,8,109.86190088735125,19.21111033125773,2,1
17,1,3,7,69.31346764134821,22.657232263205806,4,2
131,1,1,4,95.91813886967293,20.936934958832367,4,3
357,2,2,2,108.98004648336578,18.410677980646646,4,2
173,2,2,9,99.54138309386386,17.82224965961808,2,2
99,1,1,8,92.26905583792649,18.058987115716263,4,2
145,4,2,5,97.24104006704925,19.476397660131585,4,2
195,1,1,4,101.10103834087553,20.046274288830723,1,3
325,1,2,2,107.75650082936625,19.55632165101686,3,2
187,1,1,5,100.55524819609496,19.45771817188122,2,3
37,2,2,2,79.44605172200986,22.197229994941917,3,3
229,4,1,9,103.19506447019663,19.406265195925805,1,2
366,1,2,5,109.30443256183233,18.07024398616663,3,2
50,2,3,3,83.36910013008057,21.609345478022817,4,2
237,3,2,1,103.64245038030313,20.448712074335337,4,2
201,3,1,7,101.49588172261468,18.89635007999221,2,2
420,1,3,3,111.09747871193701,17.9366475157866,2,2
456,3,2,8,112.16894527993304,17.713854878054537,2,1
154,4,3,6,98.02562162509389,18.260919102982495,1,2
210,3,2,1,102.06657884201758,19.313139741651224,2,2
426,3,3,3,111.28228797308157,19.585857315644375,1,2
221,4,1,4,102.73176821055333,19.90073926277843,4,2
470,1,2,2,112.56293573807153,18.57445554213654,3,2
229,1,2,8,103.19506447019663,19.809558351220506,4,2
249,4,1,4,104.28598041287208,19.082420471283633,4,2
422,4,3,1,111.15937352885021,16.936176009851508,4,2
406,4,1,2,110.65578100731582,19.718140681082986,2,2
55,3,1,8,84.61088068482732,22.61003650530192,2,2
44,4,3,6,81.70358029458562,21.10148519447365,2,2
262,2,1,1,104.94903873959237,19.354260505434205,3,3
399,3,2,8,110.42918687060245,18.720082141879598,2,1
91,1,2,3,91.17124176963281,21.234164632461262,1,3
380,1,2,8,109.79350789850432,20.710542666775858,4,2
265,1,1,1,105.09737621810424,20.650053623478883,3,3
206,3,2,9,101.81601661107459,19.441484113478648,3,1
312,2,2,3,107.22463782055328,19.82000007944491,3,2
418,4,2,4,111.03528845325104,20.15082802324761,3,2
459,4,2,1,112.25438056611782,19.182907107782995,3,2
19,1,2,9,70.76260802858486,22.919039792701344,1,3
321,1,2,0,107.59515097214614,19.686484997452574,4,2
295,3,1,6,106.4946604793449,18.64726242950204,3,2
251,2,2,9,104.39021164443113,19.00369771145281,4,2
260,4,2,0,104.84920043912453,18.451045720886448,2,2
374,3,3,7,109.5861480660144,19.348449709968804,3,1
14,4,1,2,66.78384107034714,23.19021298694305,3,3
128,1,1,9,95.61629908943604,19.615252029708316,4,2
298,4,1,5,106.62648792228765,19.17317179615073,3,2
383,2,1,6,109.89596321905867,19.4804019388573,3,2
74,2,2,9,88.47695159192929,23.06701714680506,3,2
155,1,2,0,98.10995094510875,21.201072770192983,1,3
233,2,3,5,103.42067763078057,17.373784379439606,1,2
248,2,3,6,104.2335504247865,19.815953424341696,3,1
186,3,1,5,100.4853883265375,21.380785430059102,1,3
276,4,3,3,105.62727246195652,18.099399262594115,2,1
350,1,3,0,108.72204133050826,19.679355137161597,3,2
291,1,1,8,106.31678966957722,19.131678847511232,2,2
72,1,1,3,88.11997489293805,22.338293041622357,4,3
226,1,3,6,103.02325317442202,20.10193187757125,2,2
351,1,2,6,108.75921349397473,18.24006319604332,4,2
324,2,3,1,107.71635030619836,19.027513491089543,3,2
292,3,3,0,106.36148554345255,19.222155769607124,4,2
186,1,2,7,100.4853883265375,19.8282829525362,4,2
470,3,2,7,112.56293573807153,19.86296937096811,2,1
426,3,1,6,111.28228797308157,18.029151281301612,2,2
107,2,1,7,93.2815133305563,21.674899976605555,2,3
114,1,3,2,94.10714554009418,20.287035770069064,3,3
108,2,2,1,93.40271266460849,20.883239839868317,3,3
394,1,1,6,110.26488665476722,19.045888920804313,2,2
414,2,3,7,110.91001023362696,18.88719363855547,3,1
320,3,2,0,107.55449934959717,19.23094723059496,3,2
15,1,3,9,67.68273777167045,24.689084781103976,4,2
485,4,1,8,112.9722521580679,19.545224709099354,4,2
474,3,1,3,112.67335025022257,18.369949285397816,2,2
206,4,2,3,101.81601661107459,21.401185593014635,3,2
360,3,3,2,109.08907502301861,19.36577357169099,4,2
142,2,2,5,96.96865033149169,20.660759226174726,1,3
367,1,1,0,109.33998192756269,18.22868272791234,3,3
268,3,1,5,105.24404382086368,18.978096959508495,1,2
446,2,3,1,111.88004576136424,18.1234919159364,2,2
32,1,3,8,77.55449934959718,22.330622930033957,3,2
494,1,3,1,113.2118084677094,19.31760223267727,2,2
62,3,2,6,86.17175068494763,21.75005723092745,2,2
174,1,3,0,99.61647744847801,21.62639641122178,2,3
211,3,3,6,102.12847365893077,18.89939462889569,2,1
467,1,1,4,112.47950641698336,18.866918401840547,2,2
92,4,1,7,91.31363482036666,19.58569718866504,3,2
154,2,3,3,98.02562162509389,19.27556686588735,1,2
94,4,3,9,91.59383560799095,22.105194816539367,3,2
87,3,1,6,90.58557757855854,20.47827737567268,3,2
466,4,3,5,112.45157750070001,17.95147845386973,3,1
375,3,2,4,109.62093803183157,16.907929321233894,4,2
10,1,2,3,62.4,22.946645352211082,4,3
60,1,2,6,85.74453751150931,21.22026597465409,3,2
182,3,3,4,100.20214163955225,18.622382876258566,1,2
214,4,1,4,102.31241320047573,19.505975290969957,3,2
269,1,3,0,105.29256840007224,20.741374220651,2,2
455,2,3,1,112.14034189971338,18.07866046970033,4,2
458,1,1,4,112.22596434011606,17.83402051661846,4,2
378,2,1,2,109.72475399511677,17.90362313362323,3,3
497,4,1,1,113.29069166199994,17.529166741284207,3,2
297,2,2,3,106.58269347951637,19.87730809893679,1,2
43,2,3,3,81.40405366738759,21.908263370144294,1,3
357,2,1,3,108.98004648336578,20.058852230938996,2,3
104,2,3,3,92.9110001789634,22.728737873757915,3,2
81,1,2,2,89.65455056635949,19.2041538114549,3,3
48,2,2,6,82.8372371212676,22.09635499631501,3,2
163,1,1,8,98.76562813211874,19.004817852354567,4,2
259,2,1,4,104.79899292243755,20.309000005789695,2,3
171,3,3,3,99.3898833117646,19.789099667750104,1,2
447,4,1,1,111.90922569395809,18.836400191468364,4,2
127,2,3,1,95.5141116286787,19.16541140920232,4,2
268,3,1,4,105.24404382086368,19.049168592800466,4,2
388,2,3,6,110.06495176782622,19.083167074325637,4,1
315,2,3,9,107.34931661368802,20.621146485437908,2,2
277,2,3,9,105.67439307193345,18.6380001653981,3,1
458,3,3,8,112.22596434011606,18.226711994458082,1,1
63,4,2,6,86.38021648360746,22.306267993821535,1,2
245,3,3,4,104.07498253093598,18.73316146320709,4,1
398,4,1,9,110.39649216221062,20.102735927753063,4,2
487,2,2,9,113.02586883643903,18.688326541629838,2,2
231,1,2,9,103.30835939676433,19.97228702191541,4,2
260,2,3,5,104.84920043912453,19.88260225859692,1,2
322,4,2,2,107.63567615087493,18.620211831505898,1,2
410,3,3,4,110.78351570159205,19.311535249313188,3,1
121,2,1,7,94.88356110949351,19.73927410473635,3,2
264,3,3,0,105.04811780609495,18.993085215291625,1,2
312,3,2,0,107.22463782055328,19.836227183977947,1,2
416,3,1,6,110.97279991880228,19.196113963761675,2,2
216,2,3,4,102.43361253452792,19.68167379570816,2,2
238,3,1,4,103.69730871169534,18.371537479567454,1,2
350,3,1,0,108.72204133050826,18.118637577599543,4,2
407,2,2,8,110.68783227675661,19.207925816229324,3,2
75,3,1,0,88.65183790175101,21.866956773310015,1,3
84,2,2,4,90.12837858185645,19.8775166372936,4,2
444,4,1,9,111.82148910343858,17.978025842203973,1,2
112,4,3,8,93.87654068010545,20.746531106167176,3,2
431,4,1,3,111.43431810482195,18.9693560521469,3,2
201,3,3,7,101.49588172261468,18.226454618977492,2,1
261,1,3,5,104.89921522014842,19.671641491425145,2,2
235,1,1,2,103.5320358681521,19.048428602954573,2,3
303,3,3,3,106.84327885506914,20.956718744222044,2,2
315,1,1,1,107.34931661368802,19.514266881366854,3,3
107,2,1,0,93.2815133305563,21.093322116820275,4,3
347,1,3,7,108.60988424372621,19.58637087781799,4,1
295,3,3,0,106.4946604793449,18.136606571412948,4,2
344,3,2,0,108.4967532771459,21.094201565394016,1,3
356,2,3,3,108.94349993918627,17.482738758630198,2,2
444,4,2,9,111.82148910343858,19.613554231355884,2,1
456,3,3,9,112.16894527993304,19.401769409487343,3,1
491,2,1,5,113.13244476368905,18.209753143718135,3,2
317,1,3,8,107.43177786653254,19.923272530060135,1,2
258,1,1,0,104.7485911788969,19.207567683286573,1,3
175,2,1,6,99.69114146058882,19.35542440908534,4,2
490,2,1,9,113.10588240085542,19.158970929267383,3,2
481,3,2,4,112.86435229121497,17.7070037797906,2,2
344,1,3,7,108.4967532771459,18.926069513527843,4,1
39,2,1,6,80.13193821079497,21.392629430190546,2,3
256,1,1,3,104.64719895935548,19.199300594491508,4,2
115,2,2,3,94.22093521060836,21.010635078069345,2,3
60,1,3,5,85.74453751150931,20.831179876502866,1,3
90,4,3,5,91.02727528317975,20.70494855860966,4,2
142,3,2,8,96.96865033149169,19.79998971494925,2,2
294,1,2,4,106.45041991236471,20.798954674338074,2,2
397,4,3,7,110.36371520289345,19.306240877924548,3,1
147,1,2,4,97.41952004244527,20.47811762872219,4,3
193,1,3,1,100.96671927023323,20.586746577600103,2,3
410,4,3,5,110.78351570159205,18.327513853065906,3,1
339,1,1,8,108.30599094609246,20.028658130390593,2,2
282,1,1,2,105.90747324958082,19.75543042087466,4,3
349,3,3,0,108.68476280877539,17.5706328163684,1,2
481,4,3,0,112.86435229121497,17.28553393777774,4,2
78,4,3,2,89.16283808071441,20.511419139144493,4,2
43,2,3,9,81.40405366738759,20.538588137396072,2,2
271,1,3,4,105.38907872623219,19.222813666677197,2,2
62,3,3,2,86.17175068494763,20.369086940089375,4,2
459,1,2,8,112.25438056611782,18.6768388903173,3,2
214,1,3,7,102.31241320047573,21.180468055883882,3,2
135,2,2,2,96.31001305485017,20.3196217909588,3,3
244,1,2,8,104.02169479016189,19.294866066081884,2,2
52,3,3,5,83.88010030904397,22.000232616880947,2,2
249,3,3,6,104.28598041287208,18.874982165790186,4,1
468,2,2,3,112.50737559222372,19.592676750173627,1,2
380,1,2,3,109.79350789850432,19.51586216327368,2,2
120,3,3,1,94.77543738142873,20.56132182390569,4,2
258,1,3,4,104.7485911788969,19.679456713743896,4,2
160,1,2,7,98.52359947967773,22.18938596259508,1,3
192,1,2,6,100.89903686110648,20.85240852415722,3,2
345,2,2,6,108.53457285219821,21.346069345941512,4,2
104,1,1,5,92.9110001789634,21.240930175396112,4,3
468,3,2,2,112.50737559222372,17.27757099810694,4,2
383,1,1,4,109.89596321905867,18.74822997523029,3,2
409,3,3,0,110.75169924022026,17.224625201429905,3,2
17,1,3,6,69.31346764134821,23.596956270532097,1,2
397,3,2,8,110.36371520289345,19.709032677056058,2,1
369,3,3,0,109.41079098477181,18.173004905563538,3,2
397,1,3,1,110.36371520289345,18.307992100063803,2,2
193,1,3,2,100.96671927023323,20.05207896921189,2,3
290,3,3,2,106.27193993696869,18.17470194303891,3,2
204,4,1,7,101.68890502277696,18.55794972847977,4,2
361,2,1,6,109.12521605716972,20.32611044232415,1,3
204,4,2,5,101.68890502277696,19.94582011588627,2,2
164,4,2,9,98.84531544143093,19.55735909815095,4,2
102,1,2,9,92.65800515285753,19.042080596157028,3,2
169,2,3,3,99.23660113841021,20.928691243053454,2,2
443,4,3,8,111.79211178669209,18.136270609113822,2,1
70,1,1,0,87.7529412004277,23.08539032582777,2,3
131,4,1,1,95.91813886967293,21.26749621072615,4,3
60,4,2,3,85.74453751150931,20.617404394441802,4,2
412,1,1,2,110.84691648099403,18.199836654769125,4,3
286,1,1,0,106.09098099387128,21.112753063557204,2,3
14,1,1,4,66.78384107034714,23.237356446130782,2,3
475,2,1,6,112.700808288746,18.216607942802028,1,2
101,4,1,1,92.52964121347928,20.774757567128642,1,3
179,1,2,4,99.9855909293968,19.48352825700653,4,2
326,3,2,5,107.79652800203817,19.46139567690435,4,2
31,4,1,6,77.14085081502819,22.210091296978916,3,2
414,3,2,0,110.91001023362696,19.78450695714881,4,2
335,2,3,6,108.15134421110537,18.79629147565034,1,2
10,1,1,3,62.4,22.87518363331035,1,3
142,3,3,7,96.96865033149169,19.954150270227245,1,2
242,2,2,3,103.91446097941292,19.253470003834664,2,2
21,1,2,5,72.06657884201758,22.715808300604248,2,3
355,3,3,8,108.90685059165281,19.743855228891942,4,1
55,3,2,4,84.61088068482732,22.11882089898919,3,2
43,2,1,3,81.40405366738759,23.05925330911981,3,3
442,1,3,7,111.76266808047276,18.0122435142192,3,1
87,1,1,8,90.58557757855854,21.330162365195253,2,3
227,3,3,3,103.08077571579366,20.41924227544135,1,2
310,3,2,2,107.14085081502819,18.611694512185316,1,2
420,3,3,7,111.09747871193701,18.68262107582392,2,1
82,1,3,4,89.81441557151149,19.268580568630053,3,2
291,2,1,1,106.31678966957722,20.27517872816801,3,3
258,2,2,9,104.7485911788969,19.309642679790443,4,2
56,1,1,8,84.84564081018601,22.3220000956624,4,3
130,4,2,2,95.8183005692051,20.624219460959004,3,3
223,2,1,1,102.8491458914448,19.529920181880644,2,3
248,3,3,0,104.2335504247865,17.983842158168862,3,2
65,4,1,7,86.78740069928566,19.906307319354994,4,2
359,4,2,2,109.05283345734958,16.5015704699233,3,2
116,2,2,6,94.33373967680755,20.00401254949059,2,2
328,4,3,0,107.87621531135036,21.49062717204621,1,2
57,4,2,0,85.07624567017474,20.204428043464528,2,3
70,2,1,8,87.7529412004277,18.593273996537324,2,2
346,2,3,7,108.5722829637833,20.1054406232072,4,2
35,4,2,2,78.72204133050826,24.491513736245874,2,3
301,3,2,5,106.75699486781531,19.62222157847827,2,2
266,1,1,2,105.14644909893201,19.77408748482676,4,3
17,4,1,3,69.31346764134821,22.758771162221425,4,3
122,4,3,0,94.99079492024245,18.706663277465697,1,2
364,3,2,4,109.23304150947169,17.625983931309356,3,2
262,4,1,0,104.94903873959237,19.188342796642242,2,2
189,4,3,0,100.69385412519733,19.422159247450523,4,2
216,1,2,9,102.43361253452792,19.641465818777263,1,2
312,1,2,6,107.22463782055328,20.10686104187283,3,2
136,1,3,5,96.40616725110652,19.777545442972325,4,2
65,2,3,1,86.78740069928566,22.170976686476045,3,3
223,2,1,1,102.8491458914448,19.13979570095275,3,3
23,1,2,6,73.25183508052778,23.71305608481298,2,2
483,1,2,0,112.91841392254537,18.794526174818888,2,2
37,2,2,1,79.44605172200986,21.6195644868775,4,3
480,3,3,7,112.8372371212676,18.78557034842213,3,1
87,4,1,5,90.58557757855854,20.64790339998658,4,3
225,4,2,1,102.96547554334089,19.816586683345882,4,2
395,1,3,6,110.29791286879382,19.72831491163809,3,1
374,3,2,3,109.5861480660144,18.95416959498291,4,2
163,2,1,1,98.76562813211874,19.753868333934346,3,3
23,1,2,5,73.25183508052778,21.551300287036394,3,3
196,3,1,8,101.16768214069427,20.462409805222286,3,2
321,3,1,8,107.59515097214614,19.58875712918811,3,2
380,3,2,7,109.79350789850432,17.838706359222048,1,2
16,2,2,2,68.52359947967774,23.98313432995299,3,3
12,2,1,2,64.77543738142874,22.32427222925479,2,3
120,4,3,1,94.77543738142873,21.55167805309102,2,2
416,4,1,4,110.97279991880228,19.59058333530679,2,2
247,3,2,3,104.18090859778997,20.001574662819074,3,2
372,3,2,6,109.51628819645691,18.67137602118727,2,1
248,2,3,3,104.2335504247865,20.1524247401878,1,2
283,4,1,8,105.95359306572871,20.48101268866831,4,2
303,3,1,1,106.84327885506914,19.908024035601258,3,2
236,4,1,5,103.58736008910321,18.971013969363444,2,2
380,4,2,6,109.79350789850432,19.28805619250503,1,2
24,3,1,3,73.80633725134817,23.75140126116022,4,3
201,2,3,5,101.49588172261468,22.049510008295236,1,2
482,3,2,6,112.89141114716548,18.505645910784253,2,1
128,3,2,3,95.61629908943604,21.296253197187827,1,3
494,4,1,7,113.2118084677094,19.81329967331338,4,2
37,3,3,8,79.44605172200986,21.24298982880925,2,2
211,2,2,0,102.12847365893077,21.569230952168404,4,3
48,3,2,6,82.8372371212676,20.651091603789794,1,2
450,2,1,8,111.9963754132603,19.609347973706946,3,2
282,2,1,9,105.90747324958082,19.714572454588986,3,2
240,4,3,4,103.80633725134817,19.674941834863343,3,1
95,1,1,1,91.73170815866544,23.3736624655821,3,3
483,1,3,9,112.91841392254537,18.40690337241866,4,1
135,4,2,5,96.31001305485017,20.051653101786375,3,2
309,3,3,6,107.09875438274503,20.621603369123292,4,1
34,4,3,1,78.34436751126765,22.927367026960017,2,2
154,2,3,1,98.02562162509389,21.479536758449164,3,3
22,1,2,9,72.67268042466618,22.849601339874496,4,2
221,4,1,9,102.73176821055333,20.04376579595683,3,2
34,3,2,0,78.34436751126765,24.066498861867807,3,3
77,4,1,3,88.99472175517445,20.26457374490186,3,3
403,1,3,6,110.55915138423327,18.841207817485014,4,1
76,4,3,8,88.82440776842374,21.91581329458307,1,2
242,4,3,2,103.91446097941292,19.412693081970872,3,2
118,1,3,6,94.55646021918376,19.974208098798588,3,2
155,2,3,6,98.10995094510875,20.807489418275647,2,2
120,2,1,6,94.77543738142873,21.85826192834862,1,3
237,1,1,1,103.64245038030313,19.49492059916383,4,3
120,4,3,5,94.77543738142873,20.353866641046377,2,2
479,1,2,1,112.81006540243689,18.071305434072883,3,2
43,2,2,5,81.40405366738759,21.563617789855506,2,3
120,3,3,9,94.77543738142873,21.606062341687313,2,2
273,4,1,2,105.48487941122269,19.53257492957139,3,2
433,2,2,1,111.49463689060096,18.04554565000962,1,3
378,4,2,5,109.72475399511677,19.289886980811985,1,2
245,1,2,1,104.07498253093598,20.64369575789244,2,3
92,3,3,4,91.31363482036666,20.306750854415906,3,2
51,1,2,1,83.62710528293809,20.308684252110627,4,3
434,3,2,2,111.52469188537532,21.03835597133522,2,2
110,4,2,2,93.64178055474675,19.257292594482077,4,2
15,4,2,5,67.68273777167045,22.87270365897717,2,2
189,1,1,5,100.69385412519733,20.162743099338936,2,3
291,3,3,9,106.31678966957722,19.09589333179799,3,1
329,3,3,2,107.91587693849922,19.133501461495058,3,2
235,4,1,2,103.5320358681521,20.223634581059386,4,3
452,1,1,0,112.05415304434146,16.40286303785306,4,3
449,3,3,6,111.96739023009971,17.536366505466177,1,1
324,4,2,7,107.71635030619836,19.272624355450493,3,1
374,2,2,1,109.5861480660144,18.63716818142495,2,2
463,1,3,3,112.36742973053859,18.892668285221742,2,2
238,2,2,9,103.69730871169534,19.85792241146177,1,2
386,1,1,6,109.99761914015266,16.88431809051374,3,2
298,4,2,7,106.62648792228765,20.610991539922882,2,2
446,3,2,0,111.88004576136424,18.313727540763225,1,2
159,3,2,3,98.44191372961353,19.29029544226264,1,2
286,3,3,5,106.09098099387128,19.59925719657215,2,1
207,1,1,2,101.87911036370753,19.919249191411488,2,3
79,4,2,4,89.32881273871324,22.263809543783314,4,2
121,2,3,9,94.88356110949351,20.783517051820667,3,2
13,4,2,8,65.81830056920509,24.57628079110379,4,2
359,2,1,2,109.05283345734958,18.156539278837336,1,3
340,1,2,4,108.34436751126765,19.307424304080733,2,2
455,1,1,7,112.14034189971338,17.671218102703776,4,2
327,2,2,5,107.83643257980859,19.31403259757942,1,2
359,2,1,3,109.05283345734958,18.980428698663157,3,2
104,2,2,7,92.9110001789634,20.551602556902758,2,2
161,4,1,2,98.60477628095549,19.99099481954282,4,3
320,2,2,2,107.55449934959717,19.98093953522488,3,2
146,1,2,3,97.33058567353311,18.65958177564411,4,2
256,1,3,8,104.64719895935548,18.63549224128028,1,2
396,3,3,4,110.33085557776536,18.926342615478287,3,1
252,2,1,7,104.44201622344633,18.377135288184117,4,2
40,4,2,5,80.46179973983887,21.99993413221716,3,2
49,4,1,2,83.1058824008554,21.638559238673384,1,3
238,4,3,7,103.69730871169534,18.226512483777885,3,1
45,3,1,8,81.99637541326031,20.34719731241969,4,2
417,1,1,7,111.00408164921274,16.27580359952946,1,2
232,4,3,3,103.364639546727,18.442865995645384,2,1
15,1,2,5,67.68273777167045,23.246049481043553,4,3
331,3,1,0,107.99483981327157,19.356703841613722,4,2
477,2,3,3,112.75555137120341,18.92634442250811,1,2
229,2,2,7,103.19506447019663,18.902574740312957,1,2
84,2,3,0,90.12837858185645,20.968858657792865,2,3
13,4,1,2,65.81830056920509,23.815414552320945,4,3
344,2,2,0,108.4967532771459,17.882289122784258,1,3
143,4,2,8,97.06008112395185,20.417320961995355,2,2
127,3,3,1,95.5141116286787,21.10507004896722,2,2
378,3,3,8,109.72475399511677,18.536752470665444,1,1
103,4,3,3,92.78511674115515,21.78372265623409,4,2
495,1,2,1,113.23815596800708,18.208750059374324,3,2
444,2,2,3,111.82148910343858,17.957790234533068,3,2
71,2,1,9,87.93775046157225,21.763066132395693,2,3
450,2,2,5,111.9963754132603,20.833656228140427,3,2
203,4,1,6,101.62488113739639,19.92286550514817,3,2
344,3,3,2,108.4967532771459,19.78523247639913,1,2
212,2,3,2,102.19007582786253,19.272275196115903,2,2
401,3,2,9,110.49433117860548,17.708950662343423,4,1
35,2,3,7,78.72204133050826,22.294061512849908,2,2
444,2,3,4,111.82148910343858,19.142251061444053,1,2
182,4,2,3,100.20214163955225,19.621874745663614,3,2
309,1,1,6,107.09875438274503,19.921181079747004,4,2
142,4,2,6,96.96865033149169,19.649054957036512,2,2
335,2,1,8,108.15134421110537,18.28277931303772,3,2
419,2,2,8,111.06642068898884,19.95400086158728,2,2
127,1,2,4,95.5141116286787,21.51393646367376,4,3
333,3,3,7,108.07332700518958,18.558324193645362,2,1
284,3,2,9,105.99955020141113,21.11889547026371,2,2
221,2,2,0,102.73176821055333,19.43971648641442,2,2
234,3,1,8,103.47647572230429,19.73713529241353,3,2
29,2,3,7,76.27193993696868,22.288153464454705,4,2
122,1,1,5,94.99079492024245,21.024680725421437,4,3
149,1,1,2,97.59558805236821,20.511862688564122,3,3
56,2,3,2,84.84564081018601,21.77339808056306,3,3
10,1,3,7,62.4,22.740438368280113,3,2
99,4,3,4,92.26905583792649,19.084532099417665,1,2
151,4,2,9,97.76930841879508,21.365229186373355,2,2
329,1,3,6,107.91587693849922,18.662966307210333,2,1
47,2,3,4,82.56293573807153,21.69467305275937,4,2
302,2,3,7,106.80020828871451,19.64677808101833,2,1
391,1,1,9,110.165302721876,20.612479331161666,1,3
148,3,1,9,97.50785146184873,20.410572778457635,3,2
365,4,2,3,109.26878593369423,18.67832384370648,4,2
342,3,1,1,108.42078318168404,18.634377300544738,4,2
268,2,2,2,105.24404382086368,19.438238776671696,2,2
170,2,1,7,99.31346764134821,19.159288466224563,4,2
399,3,3,6,110.42918687060245,18.985957036088767,3,1
187,1,1,1,100.55524819609496,19.89245549193249,4,3
19,3,2,5,70.76260802858486,24.565266145785667,3,2
270,3,1,8,105.34091292476961,19.382307568932116,1,2
416,4,3,3,110.97279991880228,16.978231847070923,1,2
147,4,2,8,97.41952004244527,22.93155896615195,3,2
181,3,3,1,100.13035724607553,20.94379800654854,2,2
395,3,3,1,110.29791286879382,21.052557457216203,4,2
22,2,2,8,72.67268042466618,21.5754119705489,2,2
177,4,3,6,99.83919799085422,19.794253419658286,4,1
139,4,3,6,96.69044400762286,21.005356840732034,1,2
93,2,1,0,91.45448845661805,21.390942526622656,1,3
330,1,3,5,107.95541819633664,19.51139588772589,1,2
328,4,3,6,107.87621531135036,17.012767750364407,4,1
110,4,3,5,93.64178055474675,18.92338248696101,1,2
338,1,3,5,108.26750100832965,20.690770008230906,1,2
282,4,2,1,105.90747324958082,21.10458220791161,1,3
274,4,1,5,105.53251688461162,19.34009702010244,1,2
468,1,3,3,112.50737559222372,20.13968991518401,2,2
408,1,3,8,110.7198048926964,17.90479174458706,1,2
417,3,2,0,111.00408164921274,18.105165781610047,1,2
47,2,3,7,82.56293573807153,20.6414261043297,2,2
428,2,2,4,111.34331307039517,18.015749147271837,2,2
103,1,1,0,92.78511674115515,21.444184335407105,4,3
104,1,1,3,92.9110001789634,19.846547609040215,3,3
314,4,3,0,107.30788944219645,21.50895409570822,1,2
78,3,3,5,89.16283808071441,21.543786798275995,1,2
327,3,3,1,107.83643257980859,20.300883788514227,1,2
453,1,2,4,112.08294606038496,19.281645976761578,4,2
245,4,3,6,104.07498253093598,20.80677139736568,1,2
443,4,3,1,111.79211178669209,17.952788821792243,3,2
343,2,1,5,108.45882360128311,20.601051178071245,2,3
382,2,3,5,109.86190088735125,19.154748796856314,4,2
385,4,1,4,109.96382188525502,20.212883922443236,2,2
468,2,3,4,112.50737559222372,17.309698387401443,1,2
146,1,1,2,97.33058567353311,20.447524639255054,1,3
427,4,3,9,111.31283625075073,19.013955091706592,1,1
85,2,1,9,90.28256777142877,20.35250675787768,3,3
492,3,2,1,113.1589530830208,18.997223521445182,3,2
44,4,1,6,81.70358029458562,23.369248818542953,4,2
10,4,1,0,62.4,23.063847641036876,2,3
305,3,1,5,106.92899518040358,20.268954838164582,1,3
329,1,3,5,107.91587693849922,18.08098925000357,1,2
415,3,3,2,110.94144290136276,21.01530030450618,1,2
69,4,3,1,87.56547272211765,22.028053046224944,1,3
329,1,2,1,107.91587693849922,20.93352963840865,3,3
358,2,2,8,109.01649079931624,19.770411439162146,2,2
337,2,1,4,108.22889702614015,19.567723475115347,2,2
276,2,2,6,105.62727246195652,20.230205694290266,4,2
370,4,1,4,109.44605172200986,18.91894736444484,3,2
238,3,1,6,103.69730871169534,18.012435223272146,1,2
279,1,1,3,105.76812609820792,19.870586736646,2,2
325,2,2,7,107.75650082936625,18.46884658246362,2,2
295,1,3,9,106.4946604793449,18.24887203668611,3,1
300,4,2,9,106.71363764158988,19.96492940427962,4,1
222,2,1,6,102.79058923351917,19.441832601748388,4,2
174,4,1,9,99.61647744847801,21.066056661757887,1,3
14,3,2,4,66.78384107034714,22.532675124206218,4,2
348,4,1,5,108.64737731839742,18.664433291646432,2,2
388,4,1,4,110.06495176782622,20.143800849518772,4,2
87,3,2,6,90.58557757855854,21.221284903141754,1,2
419,1,2,1,111.06642068898884,17.416029890194974,2,2
71,3,2,4,87.93775046157225,21.463985836702886,4,2
141,3,1,9,96.87657337966138,21.793581210622666,4,2
98,4,1,2,92.13678227077484,20.307744328301048,3,3
246,1,3,8,104.12805321310137,20.18525237514277,1,2
51,2,3,5,83.62710528293809,20.787902556550286,4,2
98,3,2,9,92.13678227077484,20.64953849795309,3,2
411,1,3,2,110.81525465628206,20.008310070822226,2,2
305,3,1,6,106.92899518040358,19.526332149714616,3,2
337,3,3,3,108.22889702614015,20.46638016010162,3,2
304,3,1,2,106.88620750826263,19.736681653401597,4,2
113,3,2,7,93.99235330450259,22.81950434675058,4,2
23,4,2,3,73.25183508052778,21.109903122727953,4,2
297,1,1,0,106.58269347951637,19.1245373019874,3,3
188,1,3,5,100.6247354779104,18.852992658916907,2,2
134,1,2,9,96.21314395094423,19.362436430447328,1,2
431,3,2,0,111.43431810482195,17.849384495711767,3,2
362,4,3,4,109.16125711599497,19.251600110451722,4,1
32,3,3,6,77.55449934959718,22.47085099986215,1,2
72,3,1,5,88.11997489293805,21.61545843570131,2,3
152,1,3,1,97.85530763834319,19.09140867602113,1,3
490,3,3,3,113.10588240085542,18.365186940916168,4,1
162,2,3,1,98.68545043627893,19.16716031661574,3,2
154,3,1,0,98.02562162509389,21.133319393762328,3,3
234,2,1,2,103.47647572230429,18.7820848775886,4,3
459,3,2,2,112.25438056611782,18.560849791392336,3,2
471,4,1,6,112.5906272138669,19.301243719936416,4,2
318,4,2,0,107.47281359953297,18.637089965549137,3,2
113,1,3,8,93.99235330450259,21.294643114530395,3,2
113,3,2,5,93.99235330450259,22.19684440508289,3,2
444,2,2,3,111.82148910343858,19.00756281838167,2,2
48,2,3,2,82.8372371212676,22.617887202441647,2,3
444,3,2,2,111.82148910343858,16.74443020071976,4,2
207,2,1,1,101.87911036370753,19.383037036781396,2,3
143,4,1,1,97.06008112395185,20.47889270453379,4,3
76,2,1,9,88.82440776842374,20.064594144757322,1,3
400,1,1,4,110.46179973983888,19.161469361420203,1,3
188,4,2,8,100.6247354779104,20.99746700826811,2,2
465,4,2,1,112.42358858669863,16.878080513320114,1,2
51,4,3,1,83.62710528293809,20.448216605902342,1,3
457,3,2,5,112.1974860020955,18.965064670554636,3,2
24,3,2,9,73.80633725134817,23.07978600430523,3,2
120,4,2,1,94.77543738142873,21.260536636766776,4,3
166,3,3,3,99.00324264120164,20.210565214767602,1,2
298,2,1,5,106.62648792228765,19.798863612787045,4,2
487,3,2,4,113.02586883643903,19.600893824896776,4,2
240,3,3,0,103.80633725134817,19.204908173094857,1,2
420,4,3,5,111.09747871193701,18.281666042799877,2,1
429,1,3,0,111.37371876554172,18.69412149251096,1,2
166,1,1,2,99.00324264120164,20.29916367815725,3,3
47,1,2,9,82.56293573807153,21.08543298299153,1,3
450,2,3,4,111.9963754132603,18.406605142200757,2,2
106,3,1,9,93.15917595794312,21.081784174712986,4,2
494,1,3,4,113.2118084677094,18.836569934258776,4,2
420,4,3,9,111.09747871193701,18.70491500599054,3,1
448,1,3,5,111.93834041994432,17.06509664794292,3,2
298,1,3,9,106.62648792228765,19.333843215762695,3,1
263,3,3,7,104.99867245469275,18.53012878702168,4,1
205,3,1,4,101.75261583167261,20.807821122038636,3,2
95,3,2,0,91.73170815866544,20.518108030854947,1,3
331,2,2,4,107.99483981327157,18.204283962450322,4,2
19,2,2,2,70.76260802858486,22.862195923261467,2,3
14,1,2,3,66.78384107034714,24.59231547805748,4,3
132,3,1,7,96.0172179361755,21.029094055527068,1,3
339,1,1,6,108.30599094609246,19.389318055996686,1,2
362,4,1,4,109.16125711599497,17.757779229353645,3,2
127,4,3,1,95.5141116286787,22.07018893689845,4,2
303,3,3,5,106.84327885506914,18.694044940457182,4,1
406,3,3,5,110.65578100731582,19.86820581214076,4,1
168,4,2,9,99.15927845177589,19.758709276470995,2,2
312,3,3,9,107.22463782055328,20.11504409042791,3,1
237,2,2,5,103.64245038030313,20.94262905784496,1,3
374,2,3,8,109.5861480660144,19.689522463306094,1,2
225,3,2,7,102.96547554334089,20.45930740542585,3,2
445,4,3,7,111.85080032942795,18.716480980901572,1,1
193,1,3,0,100.96671927023323,19.469361930903865,1,3
24,3,1,4,73.80633725134817,22.757664964650992,3,3
166,3,3,6,99.00324264120164,19.75976123011062,1,2
145,1,3,5,97.24104006704925,22.743099704107564,4,2
270,3,1,4,105.34091292476961,18.473550421032524,2,2
166,1,2,7,99.00324264120164,21.101760952470244,3,2
56,4,1,2,84.84564081018601,22.032632753520414,2,3
333,2,1,5,108.07332700518958,19.422539507604977,1,3
341,4,2,4,108.38263136977491,20.64162296293635,1,2
182,2,3,7,100.20214163955225,20.278163288645956,4,2
139,1,2,3,96.69044400762286,19.6960486794953,3,2
420,2,3,7,111.09747871193701,19.181982506059708,1,2
104,4,3,9,92.9110001789634,20.52572171319843,3,2
124,2,2,1,95.20265055486706,20.98301961332994,3,3
252,1,1,8,104.44201622344633,20.368872009284868,3,2
429,2,2,8,111.37371876554172,18.003540181081757,3,2
301,3,3,9,106.75699486781531,20.51963663122128,3,1
291,4,2,9,106.31678966957722,19.11342118817382,2,1
308,3,2,5,107.05652149501333,19.737961773180846,4,2
292,1,3,3,106.36148554345255,19.98088161597544,3,2
78,2,1,3,89.16283808071441,21.45110488255919,2,3
157,3,2,5,98.27698957227702,20.063192525119728,1,3
20,3,3,4,71.43089986991944,22.36831243101539,3,2
263,2,3,5,104.99867245469275,19.231138247227385,1,2
339,2,2,6,108.30599094609246,20.73457283791963,3,2
369,4,1,6,109.41079098477181,18.193054464393757,2,2
47,3,2,8,82.56293573807153,21.024463088229883,2,2
143,3,1,7,97.06008112395185,19.530843064461102,2,2
209,1,1,5,102.00438858333163,19.9353150215845,4,2
32,4,1,5,77.55449934959718,20.719844615052477,1,3
312,1,1,4,107.22463782055328,17.92397636181028,4,2
